Alignment	Formula	Before	After	Ratio	Daltons
441.3372	C29H46O3	3.792341435125477	3.907998264896897	0.1156568297714201	442.3446953339
115.0038	C4H4O4	3.879885377365186	4.213218384652529	0.3333330072873431	116.01095860652
129.0192	C5H6O4	3.9421929529711255	4.17789033220681	0.23569737923568432	130.02660867065998
145.0144	C5H6O5	3.785329835010767	4.090279690676785	0.30494985566601746	146.02152329022
147.0297	C5H8O5	4.295049175333825	4.572063806850674	0.2770146315168493	148.03717335436
173.0095	C6H6O6	4.018132752333627	4.374249506669124	0.3561167543354973	174.01643790978
