Alignment	Formula	Before	After	Ratio	Daltons
307.0311	C9H13N2O8P	3.4029689879891203	3.5576018300977243	0.15463284210860395	308.04095201299003
166.9758	C3H5O6P	3.3739868068954135	3.56508319679892	0.19109638990350616	167.98237450771
323.0277	C9H13N2O9P	4.039703380036853	4.257000930984042	0.21729755094719022	324.03586663255
401.0173	C10H16N2O11P2	3.4430349782987832	3.6859965693139287	0.24296159101514553	402.02293259787996
545.3994	C37H54O3	4.099119361142294	4.444326110947939	0.345206749805645	546.40729559046
505.9889	C10H16N5O13P3	5.439089901708747	5.7572861758534915	0.3181962741447442	506.9957454814
154.062	C6H9N3O2	5.198886363547499	5.53074502940291	0.3318586658554116	155.06947654215003
