Metabolities	Before	After	Ratio
C9H18NO8P	3.558299433756069	3.8961016359646985	0.33780220220862933
Fructose 1,6-bisphosphate	4.9840286892140435	5.134560724325552	0.15053203511150853
Phytosphingosine	3.569250724134244	3.8903192802497224	0.32106855611547874
C15H24N6O6S	3.6155983223009156	3.71194550662735	0.09634718432643419
C5H8O4 + Na?	4.000285785013076	4.037977582613111	0.03769179760003568
C9H14N4O3	3.587353663197598	3.779764309078268	0.1924106458806704
Phospho-serine	4.703183043375358	5.235203732503727	0.5320206891283696
