Metabolities	Before	After	Ratio
Glucose / Fructose / Galactose	5.078779384990227	5.301931436555513	0.22315205156528597
Adenosine diphosphate	5.123689378456811	5.408653094952854	0.28496371649604263
C5H6O3	4.705788548004932	4.811892523462475	0.10610397545754338
Methylthiopropionic acid	4.818742268954175	4.875173856528919	0.05643158757474468
Lactic acid / Glyceraldehyde	4.18042833670269	4.246313071504508	0.06588473480181808
FAD	3.6124834771468515	3.830919555826385	0.2184360786795338
