Metabolities	Before	After	Ratio
Ribose Triphosphate	3.3673162095078992	3.4562698500412896	0.08895364053339037
D-Glucose 6-Phosphate	4.973661113695824	5.323832380900569	0.35017126720474495
